Workbook

Sheet Deliverables_A-D
A1: Package | B1: Item

Sheet Stages
A1: Stage | B1: Status | C1: Details

Sheet Artifacts
A1: Name | B1: Stage | C1: Status | D1: Notes

Sheet Acceptance_Criteria
A1: Criterion
A2: Jet coherence ≥ 0.90
A3: Ripple amplitude −30–50% vs straight inlet; no entrainment increase
A4: ELC drift ≤ 0.1 Hz; no hunting
A5: Power 10–12 kW window

Sheet Sections
A1: Section | B1: Title

Sheet Tests
A1: Test_ID | B1: Name | C1: Objective | D1: Setup | E1: Parameters | F1: Instruments | G1: Acceptance_Criteria | H1: Status | I1: Stage | J1: Linked_Artifacts
A2: T-001 | B2: Jet_Coherence_Test | C2: Assess jet coherence; ensure coherent jet meets threshold. | D2: Bench Test Pack; imaging config | F2: Imaging setup (per imaging config). | G2: Jet coherence ≥ 0.90 | H2: Defined | I2: B | J2: Procedure; Datasheet; Imaging config
A3: T-002 | B3: Tank_Ripple_Test | C3: Measure tank ripple amplitude reduction vs straight inlet; verify no entrainment increase. | D3: Bench Test Pack; PT mounting sketch | F3: Pressure transducer (PT). | G3: Ripple amplitude −30–50% vs straight inlet; no entrainment increase | H3: Defined | I3: B | J3: Procedure; Datasheet; PT mounting sketch
A4: T-003 | B4: Electrical_Stability | C4: Verify ELC drift ≤ 0.1 Hz with no hunting | D4: Generator + ELC narrow window; nominal load | F4: ELC + scope/logger | G4: ELC drift ≤ 0.1 Hz; no hunting | H4: Defined | I4: C | J4: Procedure; Logger config
A5: T-004 | B5: Power_Output | C5: Confirm power within 10–12 kW at operating head | D5: Turbine+generator; calibrated meters | F5: Wattmeter + V/I sensors | G5: Power between 10 and 12 kW | H5: Defined | I5: C | J5: Procedure; Datasheet

Sheet Measurements
A1: Timestamp | B1: Test_ID | C1: Sensor | D1: Value | E1: Unit | F1: Baseline_Value | G1: Conditions | H1: Notes | I1: Pass | J1: Rule_Eval
I2: =IF(AND($B2="T-001",ISNUMBER(SEARCH("coherence",LOWER($C2))),N($D2)>=0.9),TRUE,IF(AND($B2="T-002",ISNUMBER(SEARCH("ripple",LOWER($C2))),N($E2)>0,N($D2)<=N($E2)*0.70),TRUE,IF(AND($B2="T-003",OR(ISNUMBER(SEARCH("elc",LOWER($C2))),ISNUMBER(SEARCH("stability",LOWER($C2)))),N($D2)<=0.1),TRUE,IF(AND($B2="T-004",ISNUMBER(SEARCH("power",LOWER($C2))),N($D2)>=10,N($D2)<=12),TRUE,IF(OR($B2="",$C2="",$D2=""),"",FALSE))))) | J2: =IF($B2="T-001","Value>=0.90 (coherence)",IF($B2="T-002","Value<=Baseline*0.70 (≥30% reduction)",IF($B2="T-003","Value<=0.1 Hz (ELC drift)",IF($B2="T-004","10 kW <= Value <= 12 kW",""))))

Sheet Dashboard
A1: MicroHydroV1 — Test Summary
A3: Summary by Test_ID
A4: Test_ID | B4: Total | C4: Pass | D4: Fail
A5: T-001 | B5: =COUNTIF(Measurements!$B:$B,"T-001") | C5: =COUNTIFS(Measurements!$B:$B,"T-001",Measurements!$I:$I,TRUE) | D5: =MAX(B5-C5,0)
A6: T-002 | B6: =COUNTIF(Measurements!$B:$B,"T-002") | C6: =COUNTIFS(Measurements!$B:$B,"T-002",Measurements!$I:$I,TRUE) | D6: =MAX(B6-C6,0)
A7: T-003 | B7: =COUNTIF(Measurements!$B:$B,"T-003") | C7: =COUNTIFS(Measurements!$B:$B,"T-003",Measurements!$I:$I,TRUE) | D7: =MAX(B7-C7,0)
A8: T-004 | B8: =COUNTIF(Measurements!$B:$B,"T-004") | C8: =COUNTIFS(Measurements!$B:$B,"T-004",Measurements!$I:$I,TRUE) | D8: =MAX(B8-C8,0)
A9: TOTAL | B9: =SUM(B5:B8) | C9: =SUM(C5:C8) | D9: =SUM(D5:D8)

Sheet Trends
A38: T-003 — ELC Drift vs Time
A39: Timestamp | B39: Value (Hz)
A40: =FILTER(Measurements[Timestamp],=(Measurements[Test_ID]="T-003")*(OR(ISNUMBER(SEARCH("elc",LOWER(Measurements[Sensor]))),ISNUMBER(SEARCH("stability",LOWER(Measurements[Sensor]))))),"") | B40: =FILTER(Measurements[Value],=(Measurements[Test_ID]="T-003")*(OR(ISNUMBER(SEARCH("elc",LOWER(Measurements[Sensor]))),ISNUMBER(SEARCH("stability",LOWER(Measurements[Sensor]))))),"")
A56: T-004 — Power Output vs Time (10–12 kW band)
A57: Timestamp | B57: Power (kW) | C57: Lower | D57: Upper
A58: =FILTER(Measurements[Timestamp],=(Measurements[Test_ID]="T-004")*(ISNUMBER(SEARCH("power",LOWER(Measurements[Sensor])))),"") | B58: =FILTER(Measurements[Value],=(Measurements[Test_ID]="T-004")*(ISNUMBER(SEARCH("power",LOWER(Measurements[Sensor])))),"") | C58: =IF(B58#="","",10) | D58: =IF(B58#="","",12)
