Workbook

Sheet Tests
A1: Test_ID | B1: Name | C1: Units | D1: Method | E1: Status | F1: Result | G1: Date | H1: Notes
A2: T‑001 | B2: Jet Coherence | C2: =IFERROR(XLOOKUP([@Test_ID],Criteria[Test_ID],Criteria[Units],""),"") | D2: =IFERROR(XLOOKUP([@Test_ID],Criteria[Test_ID],Criteria[Method],""),"") | E2: =LET(id,[@Test_ID],res,[@Result],lower,IFERROR(XLOOKUP(id,Criteria[Test_ID],Criteria[Lower_Limit],""),""),upper,IFERROR(XLOOKUP(id,Criteria[Test_ID],Criteria[Upper_Limit],""),""),IF(OR(res="",NOT(ISNUMBER(res))),"TBD",IF(AND(IF(lower="",TRUE,res>=lower), IF(upper="",TRUE,res<=upper)),"PASS","FAIL"))))
A3: T‑002 | B3: Tank Ripple | C3: =IFERROR(XLOOKUP([@Test_ID],Criteria[Test_ID],Criteria[Units],""),"") | D3: =IFERROR(XLOOKUP([@Test_ID],Criteria[Test_ID],Criteria[Method],""),"") | E3: =LET(id,[@Test_ID],res,[@Result],lower,IFERROR(XLOOKUP(id,Criteria[Test_ID],Criteria[Lower_Limit],""),""),upper,IFERROR(XLOOKUP(id,Criteria[Test_ID],Criteria[Upper_Limit],""),""),IF(OR(res="",NOT(ISNUMBER(res))),"TBD",IF(AND(IF(lower="",TRUE,res>=lower), IF(upper="",TRUE,res<=upper)),"PASS","FAIL"))))
C4: =IFERROR(XLOOKUP([@Test_ID],Criteria[Test_ID],Criteria[Units],""),"") | D4: =IFERROR(XLOOKUP([@Test_ID],Criteria[Test_ID],Criteria[Method],""),"") | E4: =LET(id,[@Test_ID],res,[@Result],lower,IFERROR(XLOOKUP(id,Criteria[Test_ID],Criteria[Lower_Limit],""),""),upper,IFERROR(XLOOKUP(id,Criteria[Test_ID],Criteria[Upper_Limit],""),""),IF(OR(res="",NOT(ISNUMBER(res))),"TBD",IF(AND(IF(lower="",TRUE,res>=lower), IF(upper="",TRUE,res<=upper)),"PASS","FAIL"))))
C5: =IFERROR(XLOOKUP([@Test_ID],Criteria[Test_ID],Criteria[Units],""),"") | D5: =IFERROR(XLOOKUP([@Test_ID],Criteria[Test_ID],Criteria[Method],""),"") | E5: =LET(id,[@Test_ID],res,[@Result],lower,IFERROR(XLOOKUP(id,Criteria[Test_ID],Criteria[Lower_Limit],""),""),upper,IFERROR(XLOOKUP(id,Criteria[Test_ID],Criteria[Upper_Limit],""),""),IF(OR(res="",NOT(ISNUMBER(res))),"TBD",IF(AND(IF(lower="",TRUE,res>=lower), IF(upper="",TRUE,res<=upper)),"PASS","FAIL"))))
C6: =IFERROR(XLOOKUP([@Test_ID],Criteria[Test_ID],Criteria[Units],""),"") | D6: =IFERROR(XLOOKUP([@Test_ID],Criteria[Test_ID],Criteria[Method],""),"") | E6: =LET(id,[@Test_ID],res,[@Result],lower,IFERROR(XLOOKUP(id,Criteria[Test_ID],Criteria[Lower_Limit],""),""),upper,IFERROR(XLOOKUP(id,Criteria[Test_ID],Criteria[Upper_Limit],""),""),IF(OR(res="",NOT(ISNUMBER(res))),"TBD",IF(AND(IF(lower="",TRUE,res>=lower), IF(upper="",TRUE,res<=upper)),"PASS","FAIL"))))
C7: =IFERROR(XLOOKUP([@Test_ID],Criteria[Test_ID],Criteria[Units],""),"") | D7: =IFERROR(XLOOKUP([@Test_ID],Criteria[Test_ID],Criteria[Method],""),"") | E7: =LET(id,[@Test_ID],res,[@Result],lower,IFERROR(XLOOKUP(id,Criteria[Test_ID],Criteria[Lower_Limit],""),""),upper,IFERROR(XLOOKUP(id,Criteria[Test_ID],Criteria[Upper_Limit],""),""),IF(OR(res="",NOT(ISNUMBER(res))),"TBD",IF(AND(IF(lower="",TRUE,res>=lower), IF(upper="",TRUE,res<=upper)),"PASS","FAIL"))))
C8: =IFERROR(XLOOKUP([@Test_ID],Criteria[Test_ID],Criteria[Units],""),"") | D8: =IFERROR(XLOOKUP([@Test_ID],Criteria[Test_ID],Criteria[Method],""),"") | E8: =LET(id,[@Test_ID],res,[@Result],lower,IFERROR(XLOOKUP(id,Criteria[Test_ID],Criteria[Lower_Limit],""),""),upper,IFERROR(XLOOKUP(id,Criteria[Test_ID],Criteria[Upper_Limit],""),""),IF(OR(res="",NOT(ISNUMBER(res))),"TBD",IF(AND(IF(lower="",TRUE,res>=lower), IF(upper="",TRUE,res<=upper)),"PASS","FAIL"))))
C9: =IFERROR(XLOOKUP([@Test_ID],Criteria[Test_ID],Criteria[Units],""),"") | D9: =IFERROR(XLOOKUP([@Test_ID],Criteria[Test_ID],Criteria[Method],""),"") | E9: =LET(id,[@Test_ID],res,[@Result],lower,IFERROR(XLOOKUP(id,Criteria[Test_ID],Criteria[Lower_Limit],""),""),upper,IFERROR(XLOOKUP(id,Criteria[Test_ID],Criteria[Upper_Limit],""),""),IF(OR(res="",NOT(ISNUMBER(res))),"TBD",IF(AND(IF(lower="",TRUE,res>=lower), IF(upper="",TRUE,res<=upper)),"PASS","FAIL"))))
C10: =IFERROR(XLOOKUP([@Test_ID],Criteria[Test_ID],Criteria[Units],""),"") | D10: =IFERROR(XLOOKUP([@Test_ID],Criteria[Test_ID],Criteria[Method],""),"") | E10: =LET(id,[@Test_ID],res,[@Result],lower,IFERROR(XLOOKUP(id,Criteria[Test_ID],Criteria[Lower_Limit],""),""),upper,IFERROR(XLOOKUP(id,Criteria[Test_ID],Criteria[Upper_Limit],""),""),IF(OR(res="",NOT(ISNUMBER(res))),"TBD",IF(AND(IF(lower="",TRUE,res>=lower), IF(upper="",TRUE,res<=upper)),"PASS","FAIL"))))
C11: =IFERROR(XLOOKUP([@Test_ID],Criteria[Test_ID],Criteria[Units],""),"") | D11: =IFERROR(XLOOKUP([@Test_ID],Criteria[Test_ID],Criteria[Method],""),"") | E11: =LET(id,[@Test_ID],res,[@Result],lower,IFERROR(XLOOKUP(id,Criteria[Test_ID],Criteria[Lower_Limit],""),""),upper,IFERROR(XLOOKUP(id,Criteria[Test_ID],Criteria[Upper_Limit],""),""),IF(OR(res="",NOT(ISNUMBER(res))),"TBD",IF(AND(IF(lower="",TRUE,res>=lower), IF(upper="",TRUE,res<=upper)),"PASS","FAIL"))))
C12: =IFERROR(XLOOKUP([@Test_ID],Criteria[Test_ID],Criteria[Units],""),"") | D12: =IFERROR(XLOOKUP([@Test_ID],Criteria[Test_ID],Criteria[Method],""),"") | E12: =LET(id,[@Test_ID],res,[@Result],lower,IFERROR(XLOOKUP(id,Criteria[Test_ID],Criteria[Lower_Limit],""),""),upper,IFERROR(XLOOKUP(id,Criteria[Test_ID],Criteria[Upper_Limit],""),""),IF(OR(res="",NOT(ISNUMBER(res))),"TBD",IF(AND(IF(lower="",TRUE,res>=lower), IF(upper="",TRUE,res<=upper)),"PASS","FAIL"))))
C13: =IFERROR(XLOOKUP([@Test_ID],Criteria[Test_ID],Criteria[Units],""),"") | D13: =IFERROR(XLOOKUP([@Test_ID],Criteria[Test_ID],Criteria[Method],""),"") | E13: =LET(id,[@Test_ID],res,[@Result],lower,IFERROR(XLOOKUP(id,Criteria[Test_ID],Criteria[Lower_Limit],""),""),upper,IFERROR(XLOOKUP(id,Criteria[Test_ID],Criteria[Upper_Limit],""),""),IF(OR(res="",NOT(ISNUMBER(res))),"TBD",IF(AND(IF(lower="",TRUE,res>=lower), IF(upper="",TRUE,res<=upper)),"PASS","FAIL"))))
C14: =IFERROR(XLOOKUP([@Test_ID],Criteria[Test_ID],Criteria[Units],""),"") | D14: =IFERROR(XLOOKUP([@Test_ID],Criteria[Test_ID],Criteria[Method],""),"") | E14: =LET(id,[@Test_ID],res,[@Result],lower,IFERROR(XLOOKUP(id,Criteria[Test_ID],Criteria[Lower_Limit],""),""),upper,IFERROR(XLOOKUP(id,Criteria[Test_ID],Criteria[Upper_Limit],""),""),IF(OR(res="",NOT(ISNUMBER(res))),"TBD",IF(AND(IF(lower="",TRUE,res>=lower), IF(upper="",TRUE,res<=upper)),"PASS","FAIL"))))
C15: =IFERROR(XLOOKUP([@Test_ID],Criteria[Test_ID],Criteria[Units],""),"") | D15: =IFERROR(XLOOKUP([@Test_ID],Criteria[Test_ID],Criteria[Method],""),"") | E15: =LET(id,[@Test_ID],res,[@Result],lower,IFERROR(XLOOKUP(id,Criteria[Test_ID],Criteria[Lower_Limit],""),""),upper,IFERROR(XLOOKUP(id,Criteria[Test_ID],Criteria[Upper_Limit],""),""),IF(OR(res="",NOT(ISNUMBER(res))),"TBD",IF(AND(IF(lower="",TRUE,res>=lower), IF(upper="",TRUE,res<=upper)),"PASS","FAIL"))))
... C101: =IFERROR(XLOOKUP([@Test_ID],Criteria[Test_ID],Criteria[Units],""),"") | D101: =IFERROR(XLOOKUP([@Test_ID],Criteria[Test_ID],Criteria[Method],""),"") | E101: =LET(id,[@Test_ID],res,[@Result],lower,IFERROR(XLOOKUP(id,Criteria[Test_ID],Criteria[Lower_Limit],""),""),upper,IFERROR(XLOOKUP(id,Criteria[Test_ID],Criteria[Upper_Limit],""),""),IF(OR(res="",NOT(ISNUMBER(res))),"TBD",IF(AND(IF(lower="",TRUE,res>=lower), IF(upper="",TRUE,res<=upper)),"PASS","FAIL"))))

Sheet Criteria
A1: Test_ID | B1: Lower_Limit | C1: Upper_Limit | D1: Units | E1: Method
A2: T‑001 | D2: Coherence Index (0–1) | E2: Visual/optical capture → coherence metric calc
A3: T‑002 | D3: mm peak-to-peak | E3: Level probe or video tracking → ripple p‑p

Sheet Dashboard
A1: MicroHydroV1 – Bench Test Dashboard
A3: Status | B3: Count | D3: Test_ID | E3: Entries
A4: PASS | B4: =COUNTIF(Tests!$E$2:$E$101,"PASS") | D4: T‑001 | E4: =COUNTIF(Tests!$A$2:$A$101,"T‑001")
A5: FAIL | B5: =COUNTIF(Tests!$E$2:$E$101,"FAIL") | D5: T‑002 | E5: =COUNTIF(Tests!$A$2:$A$101,"T‑002")
A6: TBD | B6: =COUNTIF(Tests!$E$2:$E$101,"TBD")
A7: TOTAL | B7: =SUM(B4:B6)
